id,desc,uri
1,#æŠ–éŸ³çƒ­æœå¤§äº‹ä»¶ å­™æ¨å›åº”éœé¡¿æ— ç¤¼è¡Œä¸º,http://v5-dy.ixigua.com/6b38d3d3da6453a389d64152ed68e220/5d713473/video/m/2204f750db3be6c46f29139678ead21df251162f6ef000004f654441ea9e/?a=1128&br=747&cr=0&cs=0&dr=0&ds=2&er=&l=20190905231345010156048020106BD3&lr=&rc=ajx4dm94O2hzbjMzOGkzM0ApNDc4Omk2OztmNzQ7aTo6M2cuL28xaC5oc25fLS0vLS9zczJfXi1fMDBhYTJeYF4zYDY6Yw%3D%3D
2,#æŠ–éŸ³çƒ­æœå¤§äº‹ä»¶ æœ‰ä½å®è—ç”·å­©å·²ç»è—ä¸ä½äº†ï¼,http://v1-dy.ixigua.com/4595cbbcd9a716a29f0cdc1c5e3281ac/5d713474/video/m/22042a3ff3e6920496182adeef552cbd02d1162e582300007ccca286196c/?a=1128&br=730&cr=0&cs=0&dr=0&ds=1&er=&l=201909052313450101550522232538FA&lr=&rc=amd0bnI7PGl0bjMzNmkzM0ApPDUzZmlpNzw7NzY8NTk2ZGc2L2JuNTNhcmpfLS0vLS9zc2MtNTU0Yy5iYjMtMDQwYjA6Yw%3D%3D
3,#æŠ–éŸ³çƒ­æœå¤§äº‹ä»¶ ä½ è§è¿‡çœŸäººç‰ˆæ³¢å¦å’Œå®—ä»‹å—ï¼Ÿ,http://v3-dy-y.ixigua.com/0fe212aa84e292f6b6f26585f13fecb8/5d713474/video/m/2204b80ef59132a4d11b0336e1b1bfe5c4e1162c7a890000a1093354f4b4/?a=1128&br=961&cr=0&cs=0&dr=0&ds=1&er=&l=201909052313450100170320724274AF&lr=&rc=M3lkZ2o4M25sbjMzZ2kzM0ApPDs1OWk0Z2U3NzVoZDZkN2deX3IxNC4yaWVfLS0uLTBzczMtNmFjYDI1Li5fMjA0LmI6Yw%3D%3D
4,#æŠ–éŸ³çƒ­æœå¤§äº‹ä»¶ å¬è¯´åƒåœ¾åˆ†ç±»æˆä¸ºäº†ä¸Šæµ·æ–°ç¤¾äº¤ï¼Ÿ,http://v3-dy-y.ixigua.com/ef35f6e383c30ebb0236654c6c30ae1d/5d713474/video/m/22040a49ccad19945b9b7e87340a9d0330b1162beb220000909a55e9b584/?a=1128&br=1022&cr=0&cs=0&dr=0&ds=1&er=&l=201909052313450100110392055708CC&lr=&rc=M3VseHd0ZmtqbjMzNmkzM0ApNzZmNjVnaDw6Nzs3Zzw5OmdpMTVzX2hsMGFfLS1eLS9zczFjYl9eLzMzXzRjLmA0MGE6Yw%3D%3D
5,#æŠ–éŸ³çƒ­æœå¤§äº‹ä»¶ é«˜è€ƒå‡ºæˆç»©å•¦ï¼Œç¥å¤§å®¶éƒ½èƒ½è¢«å¿ƒä»ªçš„é«˜æ ¡å½•å–â¤ï¸,http://v1-dy.ixigua.com/56d754d46cc8947ac0fe77c7e0c59487/5d71349a/video/m/2207d9282538d5c40f2925eb1516492fea91162a95c700005c50fc290949/?a=1128&br=1067&cr=0&cs=0&dr=0&ds=1&er=&l=20190905231345010019017079727EE6&lr=&rc=Mzh1OHN1bWZnbjMzZGkzM0ApODVmaWc1aDw6N2hmaGU3PGdfLWBgamNhLjVfLS1jLS9zc14uMV9fLTE2Yy40NTY1X2M6Yw%3D%3D
6,#æŠ–éŸ³ç›´æ’­æŒ‘æˆ˜å­£ è¿˜æ²¡å‚ä¸æ´»åŠ¨çš„å®å®ä»¬ï¼Œæ•™ç¨‹éƒ½åœ¨è¿™é‡Œäº†ï¼Œå­¦ä¼šäº†å¿«å»å¼€æ’­å§~,http://v9-dy-z.ixigua.com/5c68ace8cb252a2c37e111037454caf5/5d713461/video/m/220de657ff06c8546c5993996068738fcfe1162a441400005ef6c381f8fc/?a=1128&br=664&cr=0&cs=0&dr=0&ds=1&er=&l=2019090523134501001203408785640D&lr=&rc=anlteXVybWY6bjMzOWkzM0ApZzg8ZmQ6NTxmNzZkOGY4ZWdvLWtiY3JtZzVfLS1hLTBzc19hMS8yNF80LTYxNC0wXy86Yw%3D%3D
7,æ˜æ˜Ÿå’Œçº¢äººçš„ç›´æ’­ç››å®´#æŠ–éŸ³ç›´æ’­æŒ‘æˆ˜å­£ æ¥å’¯ï¼éŸ³ä¹ã€èˆè¹ˆã€æ—¶å°šã€ç¾é£Ÿã€å¥åº·ç”Ÿæ´»äº”å¤§ä¸»é¢˜ï¼Œé€‰æ‹©ä¸€ä¸ªå¿«å¿«å¼€æ’­å–ï¼,http://v26-dy.ixigua.com/ba2894df83697e547092b4cbe0619325/5d71345e/video/m/220fadef815af79408ea7428c945767c1a41162a3d27000013ccf09b468c/?a=1128&br=574&cr=0&cs=0&dr=0&ds=1&er=&l=20190905231346010156022137024799&lr=&rc=ajZqZTY2NXE6bjMzM2kzM0ApZ2c4NzU7OWU3N2czZ2dmOmczZWBeL3NpNTNfLS1hLS9zcy82NTM1YDA0NmAtYl8xYWA6Yw%3D%3D
8,6æœˆ22æ—¥~30æ—¥ï¼Œå’Œå…³æ™“å½¤ã€ä½•æ´ã€å¤§å¼ ä¼Ÿä¸€èµ·å‚ä¸ç›´æ’­æŒ‘æˆ˜ï¼Œæ˜æ˜ŸåŒå±ã€ç²‰ä¸è§é¢ä¼šã€åƒä¸‡æ›å…‰ç­‰ä½ èµ¢ï¼,http://v3-dy-z.ixigua.com/2a17dfdeb4307d0f1cd22b714cb1af78/5d713466/video/m/220a17ea61df03e4c12bc59ea12e3497f8e11629ddaa000073e59c445e1f/?a=1128&br=1330&cr=0&cs=0&dr=0&ds=1&er=&l=2019090523134601001704223416598D&lr=&rc=M3I3OHN5NHZvbjMzZGkzM0ApO2k3OWZmNmVnNzU7ZGU4aWcxNV9vaWA2bzJfLS0tLTBzc2MzYzZfM2IwMDFhMi5iMV46Yw%3D%3D
9,#æŠ–éŸ³çƒ­æœå¤§äº‹ä»¶ ä»æ­¤ï¼Œç¾½å›å†æ— â€œæ—æå¤§æˆ˜â€ ğŸ’”,http://v3-dy-y.ixigua.com/fb373330f9b690137a52a0f2bfbac16a/5d713491/video/m/2205ebf716053c14592815e4b82a6a8f6db1162958ae0000adc2bc43135e/?a=1128&br=865&cr=0&cs=0&dr=0&ds=1&er=&l=20190905231346010156028154328174&lr=&rc=ajV5Zm5lPHFzbjMzO2kzM0ApOjtkaDlnNGU2N2loNTtkNGc1bHJiMHFrcDBfLS1jLTBzc2BgLTRiLy9fLjVjYTUtL2E6Yw%3D%3D
10,#æŠ–éŸ³çƒ­æœå¤§äº‹ä»¶ é«˜è€ƒç»“æŸäº†ï¼Œå…³äºé«˜è€ƒä½ æœ‰ä»€ä¹ˆéš¾å¿˜çš„å›å¿†å‘¢ï½,http://v6-dy.ixigua.com/3addcef3301ed14373893271fce06e97/5d71348a/video/m/22099e6bd0496c442f1807be3d93d7588e0116266c8600009ce90f907642/?a=1128&br=953&cr=0&cs=0&dr=0&ds=1&er=&l=2019090523134601001102021647809D&lr=&rc=anNzazo7dTg4bTMzZ2kzM0ApOmlpOTM5O2VnNzhpaDU7Z2dzaS5nai0xMnNfLS1hLS9zc2IyXl81MzI2MzFhYC8xY186Yw%3D%3D
11,#vlogæ‹æ‘„æŒ‡å— æœ€è¿‘å¥½å¤šäººé—®#vlogæˆ‘çš„æ—¥å¸¸ åº”è¯¥æ‹ç‚¹å•¥ï¼Ÿåˆ†äº«äºº@ahua ,http://v9-dy-x.ixigua.com/cc211099904eab0d835cb44b620e3d71/5d7134b4/video/m/2203df60672d08c490589438b7ad8f6898f11626ff21000011f261c9ed1e/?a=1128&br=723&cr=0&cs=0&dr=0&ds=1&er=&l=2019090523134601015601709564748F&lr=&rc=M2Y7bndlaHc2bTMzNWkzM0ApOGc0OzQ1aTtmN2Q5aTtoNGctcF9sNDUtZXFfLS1jLTBzc2JgNV9fNjIwXjNjNTMyLS06Yw%3D%3D
12,"#æŠ–éŸ³çƒ­æœå¤§äº‹ä»¶ é’¢ç´ç‹å­éƒæœ—ç»“å©šï¼Œä¼ è¯´ä¸­çš„""éƒæ‰å¥³è²Œ""ï½",http://v9-dy-z.ixigua.com/7d027ee0505d350a74a265ceb06fd1a1/5d71347f/video/m/2203629402c37824a4b86d637485abf30931162532aa0000a96c55736481/?a=1128&br=845&cr=0&cs=0&dr=0&ds=1&er=&l=201909052313460100170320427916F0&lr=&rc=M240ZDc0Z2lqbTMzaGkzM0ApOjZmOmk1ZWUzNzplZGU1O2dvcjVzMHBpZm5fLS1eLS9zczBgMWAzXzI2MWMuNTVhYGA6Yw%3D%3D
13,ä¸Šå‘¨ä¸å®¹é”™è¿‡çš„#æŠ–éŸ³çƒ­æœå¤§äº‹ä»¶ æœ‰å“ªäº›ï¼Ÿ ä¸€èµ·æ¥çœ‹ï½,http://v27-dy.ixigua.com/095dfea64e2810456b12a491f126eb2b/5d713483/video/m/22005b573b5cd0c4f2d8982f9f8777582bc1161ed3ea0000be851010743e/?a=1128&br=527&cr=0&cs=0&dr=0&ds=1&er=&l=201909052313460101560370159428C8&lr=&rc=amVueTs0ZTdvbTMzZGkzM0ApaDY1NWQ2Mzw5NzU1PDg6aGdnXmJuZmxvNmpfLS1gLS9zczNjX2IyLTI0MDZgYDYwLTE6Yw%3D%3D
14,#vlogæ‹æ‘„æŒ‡å— æ—¶å°šåªæ˜¯ä¸€ç§å¯¹ç”Ÿæ´»çš„ä»ªå¼æ„Ÿï¼Œå‚ä¸#vlogæ—¶å°š åˆ†äº«ä½ çš„ä»ªå¼æ„Ÿå§~åˆ†äº«äºº@æœ«é‚£å¤§å” ,http://v9-dy.ixigua.com/236deb9a89f641633511c696f0d206b5/5d71349a/video/m/220ca0c2913d85f4c669510452892f6e8dd116239cc3000037c64d1694ee/?a=1128&br=1385&cr=0&cs=0&dr=0&ds=3&er=&l=201909052313470101560211310916D1&lr=&rc=M2dmNHZ5NHhkbTMzZ2kzM0ApZDkzMzU7PDtlN2czZzpkO2dfNW1laWBtX2lfLS1jLTBzc2JfNTEyYl41YzUyXmJfMmM6Yw%3D%3D
15,#æŠ–éŸ³çƒ­æœå¤§äº‹ä»¶ æˆ›çº³çº¢æ¯¯å“ªä½æ˜æ˜ŸæƒŠè‰³äº†ä½ ï¼Ÿè‰¾ç‰¹å‡ºæ¥å§ğŸ˜,http://v6-dy.ixigua.com/d55c853bc95624349c2bff74d90c39d4/5d713486/video/m/2205da0388821fa40d2b976346a87870485116227684000014a593eb5de2/?a=1128&br=1197&cr=0&cs=0&dr=0&ds=3&er=&l=201909052313470100170270822243EA&lr=&rc=M20zcDw7dXV5bTMzPGkzM0ApOWc0PGY6ZWU0NztmOjY8Z2dra2Vjai0xLmVfLS00LS9zcy0vYzFeLl5hYV8vYi5hYDA6Yw%3D%3D
16,æœ¬å‘¨#æŠ–éŸ³çƒ­æœå¤§äº‹ä»¶ ğŸ’ª,http://v6-dy.ixigua.com/8084448fcaa8423d1fc561a812893cd6/5d71347f/video/m/220b6cdb641431e45748aa9ca70acf2159f11621324c0000a68ea779668e/?a=1128&br=879&cr=0&cs=0&dr=0&ds=2&er=&l=20190905231347010156023034383344&lr=&rc=M21seXdncDx4bTMzaWkzM0ApOmk0PDo1Mzw7NzY8Zzk7ZGdgcnIwaDRiYWFfLS01LTBzczQ0NTFjLTFiYi9eYjU2My86Yw%3D%3D
17,#vlogæ‹æ‘„æŒ‡å— é›¶éš¾åº¦å…¥é—¨ç¾é£ŸVlogï¼Œçœ‹å®Œå¿«æ¥å‚åŠ #vlogç¾é£Ÿè®° å§~ åˆ†äº«äºº@ç‰›è‚‰å¤«å¦»å‡ºé€ƒè®° ,http://v1-dy.ixigua.com/e6f2381e2f0155c4e6997bbafc1e6877/5d7134a1/video/m/22037ee96f1ea8b49b69bb836aacb88aa87116201e980000699709c32d71/?a=1128&br=675&cr=0&cs=0&dr=0&ds=3&er=&l=20190905231347010155041150568752&lr=&rc=M213NG14d29vbTMzN2kzM0ApOThkPDk0Mzs8NzdmNzZkOWdyamozaS9qNV5fLS02LTBzczReYi40MF4yNWEvNl8xMzY6Yw%3D%3D
18,#æŠ–éŸ³çƒ­æœå¤§äº‹ä»¶ @æä½³ç¦Austin å’Œ @å¤©å¤©å°æœ‹å‹ åœ¨çº¿battleï¼Œä½ å›´è§‚äº†å—ğŸ¤£,http://v1-dy.ixigua.com/a9e9b70ba07c730ab28c1f443f2541b7/5d71347a/video/m/220d8c2758a99fd43aa9d3d41bc5447302b1161ff86400002e84f1ba0857/?a=1128&br=775&cr=0&cs=0&dr=0&ds=3&er=&l=201909052313470101560461327342B1&lr=&rc=MzdrdDd1aHBxbTMzNGkzM0ApZjxmaTU1O2QzNzo2ZjszNmc2ZGxiLm1eLTVfLS01LS9zcy4uLjFiMTQuXi01YDQvMTA6Yw%3D%3D
19,ä¸Šå‘¨#æŠ–éŸ³çƒ­æœå¤§äº‹ä»¶ å„ä½æ¼«å¨è¿·å¤è”4å®‰æ’ä¸Šäº†å—ğŸ˜,http://v6-dy.ixigua.com/295dee32a46293372fa4c223418deb3f/5d713486/video/m/22087d4b9967f31423c9167bf36df169a231161eef2100008d61baef12c9/?a=1128&br=775&cr=0&cs=0&dr=0&ds=3&er=&l=2019090523134701015603109088193C&lr=&rc=M21mcmcza3A1bTMzO2kzM0ApZGU5ZTo1NjxkNzZmZDtlZGc1NDJma2BhZDFfLS0uLTBzc2JgNjA1MC5hMWJhYDFfNjY6Yw%3D%3D
20,åœ¨å¹²å˜›ï¼Ÿè¿˜æ²¡æ‹vlogï¼Ÿ10äº¿æµé‡æ‰¶æŒè®¡åˆ’äº†è§£ä¸€ä¸‹ï¼P.S.ä¸€åˆ†é’Ÿæƒé™å·²ç»å…¨é¢å¼€æ”¾äº†~å¿«å»æ‹æ”¯vlogè¯•è¯•å§~,http://v1-dy.ixigua.com/e561e81e423b2fd838ee9ae2f53f086a/5d713478/video/m/220de6567d0fdbb4cfb8d568dbf91a32f031161f1ba100001e59eb1fffd0/?a=1128&br=1657&cr=0&cs=0&dr=0&ds=3&er=&l=20190905231348010156039013010FF4&lr=&rc=amZkbjx0NnA4bTMzNGkzM0ApNWRoOjdmNztpN2dlN2k1OmcwYmdqLjFpczBfLS02LS9zczY0LS0uYWNfYTVfX14vMzM6Yw%3D%3D
21,ä¼‘å‡æœ€åä¸€å¤©ï¼ä¸€ä¸ªäººä¹Ÿè¦å¥½å¥½åƒé¥­å¥½å¥½çˆ±è‡ªå·±ï¼ä½ ä»¬ä¸€ä¸ªäººåœ¨å®¶çš„æ—¶å€™éƒ½ä¼šåšäº›ä»€ä¹ˆå‘¢ï¼Ÿå—~,http://v9-dy.ixigua.com/0a7ecd94a54694256baef26286c5e804/5d71347b/video/m/22076b3e3b097274dc8a316b3d1670d50371161f203000000f3bc100407c/?a=1128&br=1045&cr=0&cs=0&dr=0&ds=3&er=&l=20190905231352010013044039422BA0&lr=&rc=amY7Mzo7ZjZrbTMzOWkzM0ApaGg8OjQ2NWQ3N2Y6ZDZlNWcucDNvZ2NjbS9fLS0xLTBzc2EvL2FeYGE0XmBhLjQ0NjI6Yw%3D%3D
22,å¤§å®¶æœ€å–œæ¬¢æˆ‘çš„å“ªå¥—æ­é…ï¼Ÿä»Šå¤©æˆ‘å¯æ˜¯æ‹äº†å¸…å¸…çš„ç…§ç‰‡ï¼Œå®Œç¾ï¼æ˜å¤©æ˜¯ä¼‘å‡æœ€åä¸€å¤©äº†ï¼Œåšç‚¹ä»€ä¹ˆå¥½å‘¢ï¼Ÿ,http://v9-dy.ixigua.com/c7fc157783f65ea086d45cbc582fc8a9/5d71347b/video/m/2208339748c308048278d1ba1d201e9d9fb1161e9b2300001f76c513304f/?a=1128&br=1511&cr=0&cs=0&dr=0&ds=3&er=&l=201909052313520101550462005678EA&lr=&rc=MzQ2cjl5O3dmbTMzOWkzM0ApaGRoNjNnOmUzNzs5NjY0ZmdpYXFfci9vbS5fLS0zLS9zcy9eLjQtMTJeLTY2MTQuYTM6Yw%3D%3D
23,#vlogæ—…è¡Œè®° å¤§å®¶å»é‡é¤éƒ½ä¼šå¸¦ä»€ä¹ˆï¼Ÿä»Šå¤©è§£é”æ‘†ç›˜ä¸‰å°æ—¶åƒå®Œååˆ†é’Ÿçš„é‡é¤å±€ï½æ˜å¤©æˆ‘è¦ç»§ç»­å—¨ï¼,http://v3-dy.ixigua.com/560cf8d13dbfd7390c555228f3e4c438/5d71347b/video/m/220b66b17eb0e07493ca6ca88d78bc8321f1161e524c0000494dd1b29ed1/?a=1128&br=1781&cr=0&cs=0&dr=0&ds=3&er=&l=20190905231352010019028158695D32&lr=&rc=anJ1OTh5czRlbTMzOWkzM0ApPGY2OzhnaTs4NztpZGU2aWcxbjE1M25nby5fLS0vLS9zczU0Li5gX2EvXjZeNV42MjI6Yw%3D%3D
24,#vlogæ—…è¡Œè®° æˆ‘ï¼è¦ï¼ä¼‘ï¼å‡ï¼å•¦ï¼è¯¥å»å“ªç©å„¿å‘¢ï¼ˆå…´å¥‹åœ°æ“æ‰‹æ‰‹ï¼‰ï¼Œå¤§å®¶å¿«æ¥ç»™æˆ‘ç‚¹å»ºè®®å§~,http://v27-dy.ixigua.com/602493d5560cbdc63c154e26a697b829/5d713478/video/m/22082ff08fafa3044a89ade77db73e0c1b31161e3f2c0000217838d7233e/?a=1128&br=328&cr=0&cs=0&dr=0&ds=3&er=&l=20190905231352010152018210827D4F&lr=&rc=M3c6NnJlbXdvbTMzO2kzM0ApZzU1O2RmN2U3N2U1MztlOmdsc29rbC9uYC1fLS1gLS9zcy5eNjYuLmM1Y19jMWItY2A6Yw%3D%3D
25,#vlogæ‹æ‘„æŒ‡å— 3åˆ†é’Ÿå­¦ä¼šæ—…è¡ŒVlogï¼Œéƒ½æ˜¯æ–°æ‰‹å¹²è´§å“Ÿ~å­¦å®Œå¿«æ¥å‚ä¸#vlogæ—…è¡Œè®° è¯•è¯•æ‰‹å§~åˆ†äº«äºº@itsRae ,http://v27-dy.ixigua.com/38f49b74e3bd7bd4ab3efd1e543453e9/5d7134d2/video/m/2209bf1561d166c4fbf905c96466470118d1161e45560000a5b0e7af3ef2/?a=1128&br=451&cr=0&cs=0&dr=0&ds=1&er=&l=20190905231352010156036149947CE7&lr=&rc=M3NoO3A3ZWQ4bTMzZ2kzM0ApZmY6ZTY0Nzw4N2hlNTlmZWc1b2pwXjBpYy1fLS0xLTBzc2EyLTMuYDViNTU1Ly80MS06Yw%3D%3D
26,#vlogæ‹æ‘„æŒ‡å— äººç”Ÿç¬¬ä¸€æ”¯Vlogæ€ä¹ˆæ‹ï¼Ÿåˆ†äº«äºº@æœ«é‚£å¤§å”,http://v26-dy.ixigua.com/eab061672458999de800a723a2d5dbed/5d7134da/video/m/22009ccdc4d598d41e4afb644c62729b9331161debdd0000448204f8f917/?a=1128&br=535&cr=0&cs=0&dr=0&ds=1&er=&l=20190905231353010156021131074547&lr=&rc=M2dwbzp1PGk1bTMzOmkzM0ApZztnaDMzPGQ0NzRoNzs5Z2dobzNfNGlsYC1fLS1iLS9zczY1YV4xYWIxMC1eNi1eXmM6Yw%3D%3D
27,#æŠ–éŸ³çƒ­æœå¤§äº‹ä»¶ ä¸Šå‘¨å¤§å®¶éƒ½åœ¨å…³æ³¨ä»€ä¹ˆï¼Ÿ,http://v26-dy.ixigua.com/b9b808d8e39d4e86c0dd9562b4109dac/5d713488/video/m/220d42a9705ebea405d81254c3e57b4c5d21161c59710000adba144a5f51/?a=1128&br=830&cr=0&cs=0&dr=0&ds=2&er=&l=20190905231353010156030222245EF0&lr=&rc=am1qeG82bjhpbDMzNGkzM0ApPGk5ZmllaGU3N2loOjhkM2dwa19rXjFrbXNfLS1jLS9zc2BjYF8yXzZfYmI0Ll5gMi46Yw%3D%3D
28,ä¸Šå‘¨#æŠ–éŸ³çƒ­æœå¤§äº‹ä»¶ ä½ è¢«å“ªæ¡æƒŠåˆ°äº†ï¼Ÿ,http://v9-dy.ixigua.com/77203c95c74c3f1417986ad40cfeae31/5d713486/video/m/220db53c19d6b1447b2ac4601bc1d55b83a1161d638100004f4a386dc6dd/?a=1128&br=792&cr=0&cs=0&dr=0&ds=3&er=&l=20190905231353010010021218441808&lr=&rc=ajQ2M2x0NzV1bDMzNmkzM0ApaDYzaTg2Zzs0N2c8Z2Y3Z2czcTFkX3Fycm5fLS1fLS9zczAyYjM1YjU2LmMyLi5fMzQ6Yw%3D%3D
29,è¥é€ å¥åº·ã€æ–‡æ˜ã€æ­£èƒ½é‡çš„ç¤¾åŒºæ°›å›´ï¼Œå‘µæŠ¤é’å°‘å¹´å¥åº·æˆé•¿ï¼ŒæŠ–éŸ³é’å°‘å¹´æ¨¡å¼å‡çº§å•¦~,http://v5-dy.ixigua.com/4661dbd8444ac8beca60bcffd029ee2e/5d71348b/video/m/2202622fd5f8c914ed285ff9ac0b99abbc91161c11710000060659172ccc/?a=1128&br=285&cr=0&cs=0&dr=0&ds=3&er=&l=2019090523135301001006314473652D&lr=&rc=ajVnanVka2VubDMzNWkzM0ApNDU1aDQ5OGQ0N2Y1OGY6OGcxbmc2ZW1wXmVfLS0wLTBzc18wMWFiMy9gNTE0LjReYF86Yw%3D%3D
30,"#æŠ–éŸ³çƒ­æœå¤§äº‹ä»¶ æœ‰ä¸€ç§æ’é¢å«åš""ç‹æ€èªç»™ä½ å½“ä¼´éƒ""ğŸ˜",http://v3-dy-y.ixigua.com/4ba6d1d848f9922bbd59400fd3256110/5d71347c/video/m/2204b941446b6d54fe58a5ecaa9d57182921161a9dd900008aa2d4883afd/?a=1128&br=1436&cr=0&cs=0&dr=0&ds=3&er=&l=20190905231353010016051163930ED8&lr=&rc=M2pldHl0Znd5bDMzNmkzM0ApO2k6NztoNWRnNzU8NmZoOWdtaG5wX2hsYmBfLS0tLS9zc2M2NC4zM2AtL14uYzAwXy86Yw%3D%3D
31,å¬è¯´ä½ ä»¬éƒ½åœ¨å–Šèµµå…¬å­ä¹°å•ï¼ŸğŸ˜,http://v5-dy.ixigua.com/e3a1ad16dd1c505762f691cb2581f050/5d713484/video/m/2205d501f694dd24b85a46034cfa143051311619ca8300006a2e30ef4774/?a=1128&br=792&cr=0&cs=0&dr=0&ds=3&er=&l=20190905231354010156025081081A50&lr=&rc=amVwNjdsNHlnbDMzOWkzM0ApOGc4ODZmZjxlNzk7ZzVkZGdrbWNhaGppLjVfLS01LS9zcy01X2FfNjQxNDMuMF81MWI6Yw%3D%3D
32,èµµä¸½é¢–é¡ºåˆ©äº§å­ï¼Œç¥ç¦ï¼â¤ï¸,http://v9-dy-x.ixigua.com/4101608844056c6194bca1cc24d45204/5d713480/video/m/22044e7c5467ba74930a088eb17abcd56ad11619d22100005e4c582b4a0a/?a=1128&br=770&cr=0&cs=0&dr=0&ds=3&er=&l=20190905231354010156046210212A2E&lr=&rc=M2w7b2R0eG9ybDMzaGkzM0ApZzQ8PGk2Nzw3Nzg5O2k8OmdnazUyXzZjajBfLS1jLS9zcy0zNjYxYWFfM2M2Li8zLy86Yw%3D%3D
33,#æŠ–éŸ³çƒ­æœå¤§äº‹ä»¶ æ¨å¹‚åŒé©¬å°¾å¥³ä»†è£…ï¼Œä¸è¦å¤ªå¯çˆ±ğŸ˜,http://v26-dy.ixigua.com/df6904acdcf8e203638a84d7a737e602/5d71347b/video/m/220bbc5d0df591041e88524cb166e34e7b81161990cf000035fba1522e13/?a=1128&br=750&cr=0&cs=0&dr=0&ds=2&er=&l=20190905231354010155044078345FEF&lr=&rc=ajtybm83ZXA3azMzM2kzM0ApZDVmPDQ6N2RnNzc4ZmU0Z2dxczZhMV80L3NfLS1fLTBzczFjNGFeNS80YmIwY2E2YS86Yw%3D%3D
34,æ—å­¦å‹ï¼šè¿™æ­Œè¯æ¯”ç«é”…è¿˜çƒ«å˜´ï½,http://v1-dy.ixigua.com/00e05fea01f334ab410570e17dcfd2f1/5d713483/video/m/2206309ab4ffeac48c6a213dc2ae07da4af11618b453000077116231f791/?a=1128&br=980&cr=0&cs=0&dr=0&ds=3&er=&l=20190905231354010156032096500067&lr=&rc=M2szbXdpM3drazMzZWkzM0ApPGllZTRnZGU1NzNmZzg6aGdocW5vaGQxYW5fLS1jLS9zczUtMGNgMi1iM182Nl9iX2E6Yw%3D%3D
35,#æŠ–éŸ³çƒ­æœå¤§äº‹ä»¶ è–›ä¹‹è°¦æŠ–éŸ³è¥ä¸šå•¦ï¼,http://v6-dy.ixigua.com/492923276f1d98212311954705d3451a/5d71347b/video/m/2205d286fe6db79492b803d337d5c5cc69311616e448000071a94535d202/?a=1128&br=643&cr=0&cs=0&dr=0&ds=3&er=&l=20190905231354010019031039644311&lr=&rc=amVsaHd0dWk7azMzZ2kzM0ApZ2Q2NTo3OmRpNzMzPGY3OWcvZjBtNDNeZWlfLS1fLTBzczQxMV8uXzRfNDJhMS0uYzM6Yw%3D%3D
36,å¹´è¿‡å®Œäº†ï¼Œä¸€èµ·æ¥èŠèŠæ˜¥èŠ‚å°è±¡æœ€æ·±çš„çƒ­æœå§~,http://v1-dy.ixigua.com/f21ac60b4cb15a5fcaa4fdd279e9ef92/5d713486/video/m/220b4d65721bddb469f8906e0f75f3f9ba611617003a0000ad64232091b0/?a=1128&br=837&cr=0&cs=0&dr=0&ds=3&er=&l=20190905231354010017032048771A34&lr=&rc=ajQ0cXc2bjxkazMzN2kzM0ApZDg4OWU4OjtoNzs0ZmY4NGctMDRlXjFjc2VfLS1fLS9zc19iNTYxNS42M2JjYmM1YGA6Yw%3D%3D
37,åˆ†äº”äº¿çš„æœ€åæœºä¼šæ¥äº†ï¼æ˜¥æ™šå››åœºä¸‡èƒ½éŸ³ç¬¦å¤§æ”¾é€é¢„å‘Šï¼Œçœ‹è¿™é‡Œï¼å®šå¥½é—¹é’Ÿåˆ«é”™è¿‡ï¼,http://v6-dy.ixigua.com/821614c33999eb341f0ff918cae6b80b/5d713451/video/m/22003d13e67069c4d2aa6e355963fc58cb011616906b000001c9049556d0/?a=1128&br=281&cr=0&cs=0&dr=0&ds=3&er=&l=20190905231354010155054089910D30&lr=&rc=MzltZGVrcDV5azMzOWkzM0ApaTVpNTk3ODtpN2g5M2c3ZGdyaWMuYy5zaV9fLS0uLS9zc19gYTRiLl4tLjUuMGJeYzQ6Yw%3D%3D
38,é™¤å¤•ä¸‡èƒ½éŸ³ç¬¦å¤§æ”¾é€~æ˜¥æ™šæœŸé—´ï¼Œå°†æœ‰4åœºæŠ–ä¸€æŠ–å¾—ä¸‡èƒ½éŸ³ç¬¦æœºä¼šï¼Œæ¯åœºé™æ—¶60ç§’ï¼Œåƒä¸‡ä¸è¦é”™è¿‡ï¼çœ‹æ˜¥æ™šï¼ŒæŠ–ä¸€æŠ–ï¼Œåˆ†5äº¿ç°é‡‘ï¼,http://v9-dy-x.ixigua.com/a1878d285e6cbd26386d6430f02d3aa2/5d713452/video/m/2205a5261d6188e45878697f84ab1456d8c11616495600001e9560946b87/?a=1128&br=730&cr=0&cs=0&dr=0&ds=3&er=&l=20190905231355010155049045065892&lr=&rc=M2VvdXFnNWZmazMzPGkzM0ApaWRlMzw1PGQ0N2U3Nzw3O2cyZC9xYWRzNF9fLS1eLS9zcy9gMS5fMi0tNC1gXjRjXi86Yw%3D%3D
39,2æœˆ3æ—¥å¤§å¹´äºŒåä¹19:30~2æœˆ4æ—¥é™¤å¤•19:00ï¼Œç”¨æŒ‡å®šé“å…·æ‹éšæ‹æŠ½ä¸‡èƒ½éŸ³ç¬¦ã€‚é™¤å¤•çœ‹å¤®è§†æ˜¥æ™šâ€œæŠ–ä¸€æŠ–â€ï¼Œä¸‡èƒ½éŸ³ç¬¦ç ¸ä¸­ä½ ï¼,http://v27-dy.ixigua.com/40094d4b73260d3ebd24ab14e8ba4af6/5d713473/video/m/220757217182b8c4dd4ba6098ceed054efd1161637af00001d222f077ef9/?a=1128&br=716&cr=0&cs=0&dr=0&ds=1&er=&l=20190905231359010156034078369A40&lr=&rc=MzxyNHM7bjd0azMzN2kzM0ApNDhoMzU1aTtkNzRoNWllZmc2NWJeLjRuLV5fLS01LS9zcy4xXmIvLzVfMWMvYDIuNDA6Yw%3D%3D
40,1æœˆ31æ—¥16ï¼š00~16ï¼š10ï¼Œæ‰“å¼€æŠ–éŸ³ï¼Œå·¦å³ç¿»è½¬æ‰‹è…•ã€æŠ–ä¸€æŠ–ã€‘æ‰‹æœºï¼Œå³æœ‰æœºä¼šæŠ–å‡ºä¸‡èƒ½éŸ³ç¬¦ï¼Œä¸‡èƒ½éŸ³ç¬¦å¯æ›¿æ¢ä»»ä¸€ä¸ªä½ æƒ³è¦çš„éŸ³ç¬¦å“¦ï¼,http://v9-dy.ixigua.com/410e3e9ad51aaaa78637c26603543eae/5d713452/video/m/220e3f06dafc0e04c7a96d8e172937abd1611615898900004e5cd3bfef52/?a=1128&br=849&cr=0&cs=0&dr=0&ds=3&er=&l=20190905231359010155036093502BC1&lr=&rc=amY0OHJmc248azMzPGkzM0ApPGY8ZTY4aTszNzg5ZWc4M2dsYGFtL2dlNTZfLS0uLS9zc19hLjE1Xi4vNC4wLjJiYV46Yw%3D%3D
41,æŠ–éŸ³ç¾å¥½éŸ³ç¬¦å¹´ä¸Šçº¿ç¬¬ä¸‰å¤©ï¼ä½ è¿˜ç¼ºå“ªå¼ éŸ³ç¬¦å‘¢ï¼Ÿå¿«å»åŠ å¥½å‹ï¼Œé›†é½ä¸ƒéŸ³ç¬¦ï¼Œä¸€èµ·åç­‰ç“œåˆ†äº”äº¿ç°é‡‘å§ï¼,http://v3-dy-z.ixigua.com/f5f7978b686088be1dbd7ffb2ace8a2e/5d71345b/video/m/220aecaf4263c8c45c39624c998f7a6a10811615919b0000a7488dee7d0c/?a=1128&br=1484&cr=0&cs=0&dr=0&ds=3&er=&l=20190905231359010017031082650FD5&lr=&rc=anhob291bTx1azMzZWkzM0ApNWVnZjtoZmRoNzo6OWU0ZmdoNjIvamNxMjVfLS1gLS9zcy0yNS80Yi0yL2NiM2EuMWM6Yw%3D%3D
42,æœ€å…¨é›†éŸ³ç¬¦æ”»ç•¥æ¥å•¦ï¼1æœˆ29æ—¥å°å¹´å¤œï¼ŒéŸ³ç¬¦é™æ—¶å¤§æ”¾é€ï¼Œè®°å¾—æ™šä¸ŠæŒ‰æ—¶æ¥å“¦~æ‚„æ‚„å‘Šè¯‰ä½ ï¼Œè¿˜æœ‰ä¸‡èƒ½éŸ³ç¬¦æ”»ç•¥å¯ä»¥æœŸå¾…ä¸€ä¸‹ï¼#ä»Šå¤©ä½ é›†éŸ³ç¬¦äº†å—,http://v26-dy.ixigua.com/4c071d0ac02ff0d122565aec12bb1ecf/5d713499/video/m/220b2713f21cbcf4b2fb43ad6de67e676c1116158adf00005d196bb5b43b/?a=1128&br=440&cr=0&cs=0&dr=0&ds=1&er=&l=20190905231359010019059211789E6F&lr=&rc=ajdvdXFnNWh5azMzPGkzM0ApaWc6N2U3aTw5Nzk3OzRlaGc2My9xYWQ0MTRfLS1eLS9zc18uLV9hNmEvXjI0YzFhMV86Yw%3D%3D
43,#æŠ–éŸ³çƒ­æœå¤§äº‹ä»¶ @Dear-è¿ªä¸½çƒ­å·´ æ›¿å¹¿å¤§ç²‰ä¸é—®å€™ä¸€å£°å†¬å¤©ç©¿è£™å­å†·ä¸å†·~,http://v9-dy-y.ixigua.com/2f585819dad1de59ef1ee2dedc9190be/5d71347c/video/m/220a722c3a597f04f44b82897d3935a2fd41161586f30000312ebc8b9fe5/?a=1128&br=1043&cr=0&cs=0&dr=0&ds=1&er=&l=20190905231359010019059211946590&lr=&rc=M2ZzbXQ8cnhpazMzNGkzM0ApZjxlZzg6ZTw6N2g3NjQ5aGc1Yi5tbXBiMDRfLS0zLTBzczQwYS8xNi02MmA0LS4wNi06Yw%3D%3D
44,2019å¹´æŠ–éŸ³æ–°æ­Œã€Šæ–°å¹´æŠ–æ¥å’ªã€‹æ¥å•¦ï¼1æœˆ28æ—¥ï¼Œæ¥æŠ–éŸ³ï¼ŒåŠ å¥½å‹ï¼Œé›†éŸ³ç¬¦ï¼Œåˆ†äº”äº¿~å¿«æ›´æ–°æŠ–éŸ³è‡³æœ€æ–°ç‰ˆæœ¬ï¼Œä¸€èµ·é›†éŸ³ç¬¦å§ï¼,http://v1-dy.ixigua.com/06efa5b16b3c7df423baa4e07b7e38d6/5d71355f/video/m/2201e2d9436ba1f4d7c974df2a9205e4ccb1161590bd00001a4b89a9e834/?a=1128&br=1240&cr=0&cs=0&dr=0&ds=3&er=&l=2019090523140001015504304611041D&lr=&rc=M3A3PHk5c21oazMzNWkzM0ApOWRoaGYzNWU5N2g4N2hmZGdwNWEucy1pLzRfLS0yLS9zczMwLjMuYTAyNS9gNWEzLi86Yw%3D%3D
45,æ˜“çƒŠåƒçºèƒ¡å…ˆç…¦æ‰‹æŒ½æ‰‹ï¼Œç”·å­©å­ä¹Ÿå¯ä»¥å¾ˆç”œå˜›ğŸ˜‚,http://v3-dy-z.ixigua.com/df51e4f55a1072e5a83510f75c03b9f0/5d713486/video/m/22048cbe453d6914d259520e7516db6f1f311614ba04000029bd001984bd/?a=1128&br=489&cr=0&cs=0&dr=0&ds=3&er=&l=201909052314000101550582292790BB&lr=&rc=MzpweHFpbGZ0azMzZWkzM0ApN2ZkZzs8ZmVkN2g3ZDZmOWdyY3BeYHNfci9fLS0zLS9zczZeMTJjLzJiYDJeMF5jNTM6Yw%3D%3D
46,æ–°åŠŸèƒ½ã€Œéšæ‹ã€ï¼Œçœ‹æƒ³çœ‹çš„æœ‹å‹ï¼Œæ‹æƒ³æ‹çš„ç¬é—´,http://v27-dy.ixigua.com/b613f0d06ffd5fef068a85827048c484/5d71345d/video/m/2200fbca787667540108927df9a8a325316116131827000097533d6b0dae/?a=1128&br=518&cr=0&cs=0&dr=0&ds=3&er=&l=20190905231400010017019044423FB2&lr=&rc=M3ZtZjZkd3h4ajMzO2kzM0ApNzNnZztoMzs0N2QzOGgzNGdpaGlgZTVyb3JfLS0wLS9zc18xMjEwLi0xMF8vYzE2NDE6Yw%3D%3D
47,è¿½æ˜Ÿæ¢¦è¿˜æ˜¯è¦æœ‰çš„ï¼Œä¸‡ä¸€è¢«å´äº¦å‡¡å›åº”äº†å‘¢ï¼Ÿ,http://v26-dy.ixigua.com/71cbd4404ab59900e9caff07df937285/5d71348a/video/m/220205be8b9450846ec8bb31a7dd11d5cdc1161352220000526b695722f1/?a=1128&br=664&cr=0&cs=0&dr=0&ds=3&er=&l=20190905231400010014038018574A75&lr=&rc=ajtzZXY3dHJ2ajMzOmkzM0ApaWU3NGY4ZWRmN2hpaTM6ZmctMC40cHBwY3JfLS1gLS9zczA0XjAvLzJfXjAvYDQyMjQ6Yw%3D%3D
48,æœ¬å‘¨ä»½çš„å¿«ä¹ï¼Œæ²ˆè…¾è…°å­å§åŒæ¡†~æ¥äº†è€å¦¹ğŸ˜‚,http://v5-dy.ixigua.com/a586ddd680d348dce69f770fce5321aa/5d71348f/video/m/220fa68cde3d8314361ab6451829b27005f11612e8da0000a2a65563515f/?a=1128&br=630&cr=0&cs=0&dr=0&ds=2&er=&l=201909052314000101560241627260D5&lr=&rc=am53O2c4aXB4ajMzaWkzM0ApMzw7ZDc5aTs6NztpPDs2ZmdsM20uYzJnLW5fLS00LS9zcy9fYWM2MzQvM2EyMzQyX2A6Yw%3D%3D
49,å¤§å®¶æ–°å¹´å¥½å“‡~,http://v5-dy.ixigua.com/3911ac9723f29e5c2b9b14960e5ca72c/5d71349a/video/m/220f7a02934c36a47b9bc2642057d949714116133567000042eb3342571a/?a=1128&br=748&cr=0&cs=0&dr=0&ds=3&er=&l=201909052314000100190321418672BA&lr=&rc=ajRuNjNuaDt5ajMzNWkzM0ApN2dkZTo1OzszN2dkOmc2Zmc1cC82NW5rY2pfLS1jLS9zcy1eNDZgYDMuLTI2MmMuLzY6Yw%3D%3D
50,å®å’š~æœ¬å‘¨ä»½çš„çƒ­æœå¤§äº‹ä»¶è¯·æŸ¥æ”¶ï¼,http://v26-dy.ixigua.com/efe871577c47c102c414aa4dd93393c7/5d713489/video/m/22094e1fa1c59e645098b355b5afe88fca311612a31c0000046f184e45fe/?a=1128&br=629&cr=0&cs=0&dr=0&ds=2&er=&l=20190905231401010152050142006CFA&lr=&rc=M3dqaWh0Nnk0ajMzZ2kzM0ApOjs1NDxkODw5N2lmPDs3N2dqMGZyLjFpZ2VfLS1eLS9zczQyL15hNjItMjAwMGFgMl86Yw%3D%3D
51,åœ£è¯è€äººç©ºé™æŠ–éŸ³ï¼ŒæŠ–ä¸€ä¸‹ï¼Œè¿‡åœ£è¯~,http://v1-dy.ixigua.com/efda68bfacaecbeddddc958f8d72b814/5d7134b4/video/m/2204a7f3cd8a7344a6eb16a6dc4b19d9b19116122ddd0000cb853a77888d/?a=1128&br=1479&cr=0&cs=0&dr=0&ds=3&er=&l=20190905231401010155054097207CBD&lr=&rc=ajZndXE1Z3BnajMzO2kzM0ApOjRlaDU8Mzs5NzY2Njg1OWdmNjFqYTVfL2RfLS0zLS9zc2BeNS9hMTBfYy8uNmIxNWE6Yw%3D%3D
52,åå¤§çƒ­æœ,http://v27-dy.ixigua.com/7a5b41b05b129eb4d5e0ad121e3ade9d/5d7134ad/video/m/220b440c1f9ef064804ac991f3627e1725f1161234460000090f1d91489c/?a=1128&br=860&cr=0&cs=0&dr=0&ds=1&er=&l=20190905231401010155051135354D28&lr=&rc=amtncjY4dHNvajMzOGkzM0ApMzg0Njw6ZztoNzg7ODo2Omc0LTYuX2RpZWFfLS1fLS9zc2JgYTAzNl5hYWIwX15gMDQ6Yw%3D%3D
53,IDOUå‘,http://v5-dy.ixigua.com/3229cd11c84b50003b8c61984f7588aa/5d7134e0/video/m/22099e3c8bf70c44562b20b11aea361898911612396f000007a66e21d10c/?a=1128&br=802&cr=0&cs=0&dr=0&ds=1&er=&l=201909052314010100170670945077E8&lr=&rc=ajh4d3Q3dGtvajMzO2kzM0ApPDVkZDk3aWRmN2Q8OjU6O2dfaF5ecHAxZWFfLS0zLS9zc2E2YzIyNjQxYTNgL15jLTQ6Yw%3D%3D
54,åå¤§æµè¡Œè¯­,http://v9-dy.ixigua.com/80eee688e5279c6c3b8d530268296546/5d7134ea/video/m/22010930517d14942918f8a465e43598c0811612253f00000d085f207198/?a=1128&br=731&cr=0&cs=0&dr=0&ds=1&er=&l=20190905231401010156018097768673&lr=&rc=M2Y3eHVlbTRvajMzOWkzM0ApaTs7PDg6Z2RpNzw6aGg0OGdzLWgybC9mZWFfLS02LS9zczNhMjMtL2AuYDQwYTMuLy46Yw%3D%3D
55,åå¤§BGM,http://v9-dy-z.ixigua.com/87c192592c23646ab32fb6019383ee46/5d7134be/video/m/2204302c6b23eb048d4b428e0ed923ea650116123a19000004ae0c998d29/?a=1128&br=1119&cr=0&cs=0&dr=0&ds=1&er=&l=2019090523140101001203406894395E&lr=&rc=Mzx2cG08ajpvajMzZ2kzM0ApNmlnOmZpPGQ2NzRmNGVnOWcxLWNoY2FeY2FfLS0uLS9zc2MuMjUzLl9jYGMtNF8yYzA6Yw%3D%3D
56,åå¤§å…´è¶£åœ°ç‚¹,http://v6-dy.ixigua.com/83cf385b484048508a591d41a436b02a/5d713496/video/m/220fd3282f7fa8547239e65f1c96963151911612328b000006baad3036e4/?a=1128&br=1655&cr=0&cs=0&dr=0&ds=1&er=&l=20190905231402010010022144104988&lr=&rc=am94Om5vamtvajMzaGkzM0ApZGRpaThoOmQ8N2QzaTplNGdgbl5lLWUtNmFfLS0wLS9zc15fLWEzLmJjNTVfLmE0MjM6Yw%3D%3D
57,åå¤§ç¬é—´,http://v26-dy.ixigua.com/92fb3ca9fcf25cc1237c2e852aae557f/5d7134af/video/m/22035b7fa97146d4a0b9d773bce1ba852f311611bdd6000098c3a4d98663/?a=1128&br=835&cr=0&cs=0&dr=0&ds=1&er=&l=201909052314020101560262142442A4&lr=&rc=anlubHNmcDg3ajMzZWkzM0ApOjdkNjY4NTw4NzplM2U6OWczaGNqL15ecmFfLS0tLS9zcy0tNWFeLTVgMV4wLmIxYzE6Yw%3D%3D
58,#æŠ–éŸ³çƒ­æœå¤§äº‹ä»¶ å¼ æ™‹åæ§½è”¡å°‘èŠ¬å¡‘æ–™æ™®é€šè¯çš„åç»­ç«Ÿç„¶æ˜¯ï¼ï¼,http://v9-dy.ixigua.com/402da2c2f7fb5f6813addb1ceaf03734/5d713485/video/m/220c3420340a5c54e67b42d0c4aa02e2a2911611c67d0000927be7c4a54a/?a=1128&br=1041&cr=0&cs=0&dr=0&ds=3&er=&l=20190905231402010018086194396E68&lr=&rc=am5kd3M8anBnajMzaWkzM0ApNTRkPDxnZmU0N2lkOjVlO2c2LjJrY2FuZWBfLS1eLS9zcy42MjAyNF4vMy9gYS5iLzM6Yw%3D%3D
59,#æŠ–éŸ³çƒ­æœå¤§äº‹ä»¶ @é»„æ¸¤å¯¼æ¼”ä½œå“ æ±‚é‰´å®šä¸€ä¸‹ï¼Œç¬¬xä¸ªè§†é¢‘æ˜¯é»„æ¸¤å¤§å“¥æœ¬äººå—ğŸ˜‚,http://v9-dy.ixigua.com/7e401824f58c6f74463a825a784446ca/5d71348b/video/m/220c178d3b0791844c8929232508632a290116117e7f00003a10fa5e0bc6/?a=1128&br=727&cr=0&cs=0&dr=0&ds=3&er=&l=2019090523140801015504703140308D&lr=&rc=andlbm1mdzpzajMzNWkzM0ApaDtnZjpnPDs5N2RpaDhnZWdpZ2xfMnFwZjRfLS1gLS9zcy02NmMuNjNeYS9eNjYwNl46Yw%3D%3D
60,#æŠ–éŸ³çƒ­æœå¤§äº‹ä»¶ ä¸€èµ·æ¥èŠèŠå°è±¡æœ€æ·±çš„æŠ–éŸ³çƒ­æœå†…å®¹å§~å°åŠ©æ‰‹å…ˆæ¥#äº•æŸç„¶åœ¨çº¿å…»çŒª !,http://v3-dy-y.ixigua.com/4c8cad44b6d9173100a8d19c715173db/5d71348b/video/m/22061951fb38cb54535a9bc8aa208342cfc11610f98d00002a039f9d4959/?a=1128&br=888&cr=0&cs=0&dr=0&ds=3&er=&l=201909052314080100170480495359C3&lr=&rc=M2dxeGQ3bG1sajMzaWkzM0ApOmdoZDo0N2VpNzc7OTQ5Z2dnZGpmL3M0Mi9fLS00LS9zczUwXjY0XzFiYC9iNTItNjM6Yw%3D%3D
61,#æŠ–éŸ³çƒ­æœå¤§äº‹ä»¶ æ¥äº†è€å¼Ÿ~è¿™å‘¨å¤§å®¶éƒ½è¢«ä¸€é¦–BGMå®‰æ’å¾—æ˜æ˜ç™½ç™½çš„ï¼Œä½ è¢«å®‰æ’äº†å—ï¼Ÿ,http://v9-dy-x.ixigua.com/42d53949841eb8afb3ed607b75a1ed8e/5d713484/video/m/2200c7e697297dc4956a3553a73a80f43d0116101585000061d08175b70f/?a=1128&br=887&cr=0&cs=0&dr=0&ds=3&er=&l=201909052314080101550380756759E9&lr=&rc=M2o7cWRqOW13aTMzZWkzM0ApaGQ1Zzs8NTwzN2Y5OGk3ZWdla2svbnFmbnFfLS00LS9zczUzNl8tYDVhLjUtLzUwYjE6Yw%3D%3D
62,#æŠ–éŸ³çƒ­æœå¤§äº‹ä»¶ ç‚¹å‡»æ”¶è·è¿™ä¸€å‘¨çš„å¿«ä¹ï½,http://v1-dy.ixigua.com/203d02eca25f47bc52a87fe1e12fcbae/5d713487/video/m/22045ede57852d2432c8f86a9c30c20ed39115fc0d50000729f1ff16edd/?a=1128&br=718&cr=0&cs=0&dr=0&ds=3&er=&l=20190905231408010013044154814E71&lr=&rc=ajV4cHM8b3B5aTMzOWkzM0ApPDdkNzhnZ2Q2NzVnZDVlN2doNGctZ2RiY21fLS0wLS9zczYwXzJhXmA1NTRhYDNjYzQ6Yw%3D%3D
63,ç›´å‡»è´¦å·è¢«éª—ç°åœºï¼Œæ”¶ä¸‹è¿™ä»½é˜²éª—æŒ‡å—ã€‚æœ‰é—®é¢˜å¯ä»¥åœ¨ã€è´¦å·ä¸å®‰å…¨ã€‘â€”ã€æŠ–éŸ³å®‰å…¨ä¸­å¿ƒã€‘å¯»æ±‚å¸®åŠ©å“¦~,http://v27-dy.ixigua.com/4e46a5423040bf52beab3ac699fbc23c/5d7134e1/video/m/220e9e43f38f66748c6a72a99323099bed4115f3a8a00008a3a58607c69/?a=1128&br=153&cr=0&cs=0&dr=0&ds=3&er=&l=201909052314080100110421509440F3&lr=&rc=ajVrcDR4b202aTMzZ2kzM0ApPDo1NGhnNDtoNzg5Mzo8ZWdzYmpval8xbmlfLS0uLS9zczVeMi82Y15iXy9gLmBhMjI6Yw%3D%3D
64,#æŠ–éŸ³çƒ­æœå¤§äº‹ä»¶ ç‚¹å¼€è¿™ä¸ªè§†é¢‘ï¼Œä½ ä¼šçœ‹åˆ°ä¸€ä¸ªè®©ä½ å€¾å®¶è¡äº§çš„äººï¼ğŸ˜,http://v9-dy-y.ixigua.com/addd0ec60d0a3da5bd11cc843c2abfad/5d71347b/video/m/2200dfaf337046244038f77cdacbe99884e115f364a00006b072ae963bd/?a=1128&br=566&cr=0&cs=0&dr=0&ds=3&er=&l=2019090523140901015505406808012C&lr=&rc=M3B5dXBvOjluaTMzNmkzM0ApPGg7ZzVpO2Q4Nzs3NjM5NGdpcmJnLmRxYmhfLS0yLS9zczJeXy9gYTRhNl42X2NfMy46Yw%3D%3D
65,#æŠ–éŸ³çƒ­æœå¤§äº‹ä»¶ æ­å–œiGæ‹¿ä¸‹è‹±é›„è”ç›ŸS8æ€»å†³èµ›å† å†›ï¼Œè®©ä¸–ç•Œæ„Ÿå—æ¥è‡ªä¸œæ–¹çš„ç¥ç§˜åŠ›é‡~,http://v1-dy.ixigua.com/8b4aab7a009d1a222f7ca1075807c791/5d71347e/video/m/22064e9e0e113284b6981dcbda58c99f859115ed508000054abdf3b5e57/?a=1128&br=912&cr=0&cs=0&dr=0&ds=3&er=&l=2019090523140901001709003421077D&lr=&rc=M3loOmtnNXBxaTMzaWkzM0ApO2Y5Z2c6Zzs3N2lpNDNnaGcxNm5rYWRrX2RfLS1hLS9zc15hNWEvNDQ2YzEyLTBhNWA6Yw%3D%3D
66,#ä¸‡åœ£èŠ‚æ£è›‹è®¡åˆ’ æ‚„æ‚„å‘Šè¯‰ä½ ï¼Œæœç´¢â€œä¸‡åœ£èŠ‚æ£è›‹è®¡åˆ’â€ï¼Œæœ‰æƒŠå–œå“¦~#ä¸‡åœ£èŠ‚æ£è›‹è®¡åˆ’,http://v9-dy-x.ixigua.com/4b0ae443e83beafa32e3f5a89ffd8b20/5d713468/video/m/220ebf06203fdf348a099da5d3db47ec6f6115e95a70000615b4f461fdc/?a=1128&br=624&cr=0&cs=0&dr=0&ds=3&er=&l=20190905231409010155055031371C8A&lr=&rc=ajM3dm9pbXRyaTMzZmkzM0ApZGhkOzlmOzw0NzU8OGZlZmcxMS1iNGJvYmBfLS0xLTBzczU1LzJgMTU0LzVhLjY0NmA6Yw%3D%3D
67,#æŠ–éŸ³çƒ­æœå¤§äº‹ä»¶ å¤§å£°å‘Šè¯‰æˆ‘è”¡å¾å¤çš„æ‰‹åŠ¿èˆï¼Œä½ å­¦ä¼šäº†æ²¡æœ‰ï¼Ÿ,http://v27-dy.ixigua.com/aa17287cb51c5c1ef244a5444255cf8f/5d713481/video/m/220289cab0651654f3c9ff72a910b51c6c9115e8a450000269d69796ea7/?a=1128&br=929&cr=0&cs=0&dr=0&ds=3&er=&l=20190905231409010010018237507B69&lr=&rc=anQzbGhtaDg0aTMzZ2kzM0ApNWhnM2k1NGQ4Nzc3aDlmO2dzMWtlZmUyZ2BfLS0xLTBzc2AxYy9jMjJhMjJjLy1gNWE6Yw%3D%3D
68,#æŠ–éŸ³çƒ­æœå¤§äº‹ä»¶ æœ‹å‹ä»¬è¿™ä¸€å‘¨æœ‰æ„Ÿå—åˆ°æ»¡æ»¡çš„æ­£èƒ½é‡å—ï¼Ÿæˆ‘æœ‰ï¼,http://v26-dy.ixigua.com/509ea8bc99a1d505da963adf43736fc9/5d713481/video/m/220ef2c502b2c0b4d60a2ac49ab7a1029c7115e119300005823cf4ce043/?a=1128&br=688&cr=0&cs=0&dr=0&ds=2&er=&l=2019090523140901015503908064491E&lr=&rc=ank2ZWl3ZHI8aTMzZmkzM0ApaTZoOTY8OWVoNzdpOTg2aWcwZWtxamVhcTZfLS0tLS9zczYwYjI2Y2A1YzU1MjNjLy06Yw%3D%3D
69,ã€æŠ–éŸ³çƒ­æœæ¦œ ä¸€å‘¨å¤§äº‹ä»¶ã€‘ç²¾é€‰ä¸€å‘¨æœ€çƒ­æœï¼Œæœ¬æœŸTOP1çƒ­æœæ˜¯ä¸€ä»¶å¤§å–œäº‹ï¼Œä½ èƒ½çŒœåˆ°æ˜¯ä»€ä¹ˆå˜›ï¼Ÿ#æŠ–éŸ³çƒ­æœå¤§äº‹ä»¶,http://v3-dy-x.ixigua.com/43f06bab4ac2939e9b1a0778b718a968/5d71348a/video/m/220aed5390586c74661a451524e815580ac115cd62e000066ee803d1ae3/?a=1128&br=902&cr=0&cs=0&dr=0&ds=1&er=&l=20190905231409010018079163797C00&lr=&rc=amVybHZnNWw4aTMzNWkzM0ApNGVlOzo5OWRkN2VpOTs5N2dqX2hmYWRjazFfLS1fLS9zc2MwLjRjMy0zLy0uXmIuNS06Yw%3D%3D
70,æŠ–éŸ³ç¾å¥½å¥‡å¦™å¤œç‚«é…·æ¥è¢­ï¼Œ10æœˆ19æ—¥20:00ç­‰ä½ ä¸€èµ·å¥‡å¦™ä¸€ä¸‹~è®°å¾—é”å®šæµ™æ±Ÿå«è§†æˆ–æŠ–éŸ³ç›´æ’­é—´å“¦~,http://v9-dy-z.ixigua.com/22cb117a690ed461422d70f8d2b0948a/5d71346f/video/m/2207150b1c724d645e5ae47a69033b0c589115d41400000a7fdf726406a/?a=1128&br=526&cr=0&cs=0&dr=0&ds=3&er=&l=201909052314090101560370459288B1&lr=&rc=M3hmeXl0PDU2aTMzO2kzM0ApOzM8Nzs6NmU6N2hlZjo3OGdhc2heMmVgaTFfLS0zLS9zc2NfMjEtLy02NjMxNC0xXzE6Yw%3D%3D
71,è·ç¦»æŠ–éŸ³ç¾å¥½å¥‡å¦™å¤œï¼Œè¿˜æœ‰2å¤©ï¼ä½ æƒ³è§çš„äººéƒ½åœ¨è¿™é‡Œå•¦~å¿«å¿«è®¢å¥½é—¹é’Ÿï¼Œ10æœˆ19æ—¥20ï¼š00ï¼Œç­‰ä½ æ¥ç©ï¼Œåƒä¸‡ä¸è¦è¿Ÿåˆ°å“¦~,http://v9-dy.ixigua.com/7d3ee02305edeba2ea999ef37959bbcb/5d713461/video/m/2205bc77ed9d706493ea8e4f0406e428f56115c8fb6000099000bf4cd65/?a=1128&br=785&cr=0&cs=0&dr=0&ds=3&er=&l=201909052314100100140171020604F4&lr=&rc=ajV3djw7dWVpaTMzM2kzM0ApN2Y4ZDg8Zzs8N2c3aDk7ZmdtZV5gai1wcDBfLS1hLS9zcy1gNl9fMzNeLS1fXy5jNWA6Yw%3D%3D
72,ä¸–ç•Œè¿™ä¹ˆå¤§ï¼Œè¯·ä½ æ–‡æ˜åœ°å»â€œçœ‹çœ‹â€~,http://v9-dy-z.ixigua.com/b81ffb33acc4b168e6886d9b0aa40e14/5d713467/video/m/2206a2e871f8e8c436992fd1bc9f27618c4115d2ce700008f03fcd08ef4/?a=1128&br=842&cr=0&cs=0&dr=0&ds=1&er=&l=20190905231410010152024222236668&lr=&rc=M2o2bHE6O2o7aTMzZWkzM0ApaGlpZGc4M2VnN2k5aWc1Z2c2a21kMmthai9fLS02LS9zc2A0NWIwNGMuNC9jXzA2YTU6Yw%3D%3D
73,10æœˆ19æ—¥ï¼Œæ™š8ç‚¹ï¼Œæµ™æ±Ÿå«è§†ï¼ŒæŠ–éŸ³ç¾å¥½å¥‡å¦™å¤œï¼Œä¸è§ä¸æ•£ï¼æœ‰ä½ æ›´ç¾å¥½~,http://v3-dy-x.ixigua.com/961ae1a45934bdca33ebaea97464cbef/5d713470/video/m/220798a490def494ad59ff0f40393a9df39115c91c8000062ea6ff1bfe3/?a=1128&br=1330&cr=0&cs=0&dr=0&ds=2&er=&l=20190905231410010016062135379EF7&lr=&rc=M3VweHN1bXdraTMzaWkzM0ApZGllOjw4NDxlNzc3OTw0Z2dpMjAyamNhMS5fLS0wLS9zc2A2YDE2Ni80LzFfLjM0YTA6Yw%3D%3D
74,10æœˆ12æ—¥Â 16 - 20ç‚¹æŠ–éŸ³å°†å…¨ç¨‹ç›´æ’­2018èŠ­èæ˜æ˜Ÿæ…ˆå–„å¤œç°åœºï¼Œç›´æ’­æœŸé—´ç‚¹å‡»å°åŠ©æ‰‹å¤´åƒå³å¯è§‚çœ‹ï¼,http://v3-dy.ixigua.com/9fb610d39e1918477274ab9acaf27d15/5d713466/video/m/220f1686f117e344d00821d9807fae82436115c7175000081a2acaf3bbb/?a=1128&br=1141&cr=0&cs=0&dr=0&ds=1&er=&l=20190905231410010016065205511ADE&lr=&rc=ajs0Zmk7dW9uaDMzOmkzM0ApOTM7PGYzaTw8Nzo5OThkPGdqaDNiai1oZnNfLS0yLS9zc2FjNmIxNjEzXjQ0L2M2NDA6Yw%3D%3D
75,åˆ†äº«ä½ç½®ä¿¡æ¯ï¼ŒèŠ±å¼å®šä½ç§€ç”Ÿæ´»ï¼ç‚¹ä¸€ç‚¹ä½ç½®å›¾æ ‡ï¼Œåœ¨æŠ–éŸ³ï¼Œæ¢ç´¢åƒå–ç©ä¹ï¼,http://v6-dy.ixigua.com/09b18fec2dbd58e686f021d7d7338d52/5d713471/video/m/22067cddf9395e94f7dbd64daebf333c446115bf04f0000151957a912e8/?a=1128&br=1264&cr=0&cs=0&dr=0&ds=3&er=&l=20190905231410010013031196636B82&lr=&rc=amxyO3Rmczp2aDMzOmkzM0ApZGZpZmY2Nzw5N2U5PGk8ZWdjMDBeL2c2YmRfLS1eLS9zcy9fMS4xYDUtYGMwYzAuYC86Yw%3D%3D
76,ã€æŠ–éŸ³çƒ­æœã€‘é‡ç£…ä¸Šçº¿ï¼å®æ—¶çƒ­ç‚¹ï¼Œç»™ä½ å¥½çœ‹ï¼åœ¨æŠ–éŸ³é¦–é¡µå³æ»‘è¿›å…¥å‘ç°é¡µï¼Œç‚¹å‡»â€œæŸ¥çœ‹çƒ­æœæ¦œâ€æ›´å¤šæƒŠå–œç­‰ä½ å‘ç°ï¼#æŠ–éŸ³çƒ­æœå¤§äº‹ä»¶,http://v27-dy.ixigua.com/83e278ed277cfbc55aa25ad40aea9de4/5d713461/video/m/220b77ec2bceea240e6b8524e728343a6cb115bf250000002dfdb5650b6/?a=1128&br=817&cr=0&cs=0&dr=0&ds=3&er=&l=201909052314100101560190197673BC&lr=&rc=amZpNXZ2OzNlaDMzOmkzM0ApZTs4PDk1Ojw6N2k8ZmdmOmc0cGFzZS5haGRfLS1eLS9zc2E2NmE1LTY2NWA0Li00LWI6Yw%3D%3D
77,ã€æŠ¢é•œã€‘åŠŸèƒ½ä¸Šçº¿ï¼Œèµ¶å¿«å‡çº§åˆ°2.5.1ç‰ˆæœ¬æŠ¢å…ˆä½“éªŒå§~#æŠ¢é•œ,http://v27-dy.ixigua.com/7d1cca49bf010a676b7346e277b3836b/5d713468/video/m/220900adf38c05c41e58a926e963ccb047f115b13ad00003b56493c3371/?a=1128&br=737&cr=0&cs=0&dr=0&ds=3&er=&l=20190905231412010016065091042952&lr=&rc=anZ4ZTc4bDdpaDMzNGkzM0ApZ2g4ZWg6aWVpNzk8NDs3O2dxL2dyNHNmZjFfLS02LS9zc2AxNGJeMi8yMzVeLy5eNi86Yw%3D%3D
78,é™ˆæ˜Œå‡¤æ•™æˆè°ˆæŠ–éŸ³äº²å­æ•™è‚²,http://v26-dy.ixigua.com/cd9047c836368e6277698bdb0d451732/5d71348e/video/m/220c852dcb3b5274c33a10ddf3d8bf918ce115ace4d0000c9fbbd87905a/?a=1128&br=552&cr=0&cs=0&dr=0&ds=3&er=&l=20190905231412010019017204181E27&lr=&rc=M3dmeTxpcHVtaDMzZmkzM0ApNTY1NTw2Njw4N2k2NGY2PGcxaC81ZjQxbC1fLS1hLS9zc2E2LTBfMi0uXzItYmI1YDE6Yw%3D%3D
79,å¼ å¿—å®‰æ•™æˆç»™å®¶é•¿ä»¬çš„ä¸‰æ¡å»ºè®®,http://v6-dy.ixigua.com/41c79212197ea803711eb30ff3f951f3/5d71348a/video/m/220bd37a6bb79424badb3a2cf6e5a1a73e6115a9e590000a0a324a1cfc8/?a=1128&br=778&cr=0&cs=0&dr=0&ds=3&er=&l=201909052314120101560300253432A2&lr=&rc=M2xleTxpcHMzaDMzZmkzM0ApZDk0ZDc8NjtmNzU1N2lkZ2dkXy81ZjQxZy1fLS1hLS9zczFeNTAwY14tNmItNTMzXzQ6Yw%3D%3D
80,æŠ–éŸ³ä¸ƒå¤•æ”»ç•¥ï¼Œäº†è§£ä¸€ä¸‹ï½,http://v27-dy.ixigua.com/7a368a97acd8d40bc0aeec4f4928bf03/5d713472/video/m/220b70ececfb6c64202bfadfcf2ef467a7d115a605f0000dcb2a5561670/?a=1128&br=2071&cr=0&cs=0&dr=0&ds=3&er=&l=201909052314120100170420284724E4&lr=&rc=M3Y0ZHNrZHJkZzMzOGkzM0ApNjYzaDY8ODszN2YzZjM5O2cyY2MxXi5zL21fLS1jLS9zcy1jYy9eY2FiNjAuLTA1MmE6Yw%3D%3D
81,â€œåŒæ¬¾é“å…·â€åŠŸèƒ½å¸®ä½ è¿…é€Ÿæ‰¾åˆ°ä½ æƒ³ç”¨çš„é“å…·ï¼Œå¿«å»è¯•è¯•å§ï¼ï¼ˆæŠ–éŸ³æ›´æ–°è‡³2.0.0ç‰ˆæœ¬æ‰èƒ½è§£é”æ­¤åŠŸèƒ½åŠæ›´å¤šæœ‰è¶£é“å…·å“¦~ï¼‰,http://v3-dy-x.ixigua.com/6c970741af4b217a441740f97581265b/5d713465/video/m/220a116244369cd4659b4f31f1c5711b7ce1159c8db00005d7decb92841/?a=1128&br=1884&cr=0&cs=0&dr=0&ds=3&er=&l=20190905231412010155052211605E21&lr=&rc=M3gzcWVoaHd5ZzMzZ2kzM0ApOWgzNDRpZGQ7NzUzO2U8ZGdfXmJuLl5gbWVfLS1fLS9zczFjYWMtLzYzNDAzNl4vNDE6Yw%3D%3D
